{
    "mse": 0.7864280756944075,
    "rmse": 0.8868078008759325,
    "r2": 0.21426055232717756
}